overall,1,1,1,0,0,1.000,259,20,572,12.95,2.71,Profile,56319
England,1,0,1,0,0,0.000,125,10,295,12.50,2.54,,56319
Zimbabwe,1,1,0,0,0,-,134,10,277,13.40,2.90,,56319
,56319
neutral,1,1,1,0,0,1.000,259,20,572,12.95,2.71,,56319
,56319
1990s,1,1,1,0,0,1.000,259,20,572,12.95,2.71,,56319
,56319
won the toss,1,0,1,0,0,0.000,125,10,295,12.50,2.54,,56319
lost the toss,1,1,0,0,0,-,134,10,277,13.40,2.90,,56319
,56319
won toss & fielded,1,0,1,0,0,0.000,125,10,295,12.50,2.54,,56319
lost toss & sent in,1,1,0,0,0,-,134,10,277,13.40,2.90,,56319
,56319
matches batting first,1,1,0,0,0,-,134,10,277,13.40,2.90,,56319
matches fielding first,1,0,1,0,0,0.000,125,10,295,12.50,2.54,,56319
,56319
1st match innings,1,1,0,0,0,-,134,10,277,13.40,2.90,,56319
2nd match innings,1,0,1,0,0,0.000,125,10,295,12.50,2.54,,56319
,56319
won match,1,1,0,0,0,-,134,10,277,13.40,2.90,,56319
lost match,1,0,1,0,0,0.000,125,10,295,12.50,2.54,,56319
,56319
won batting first,1,1,0,0,0,-,134,10,277,13.40,2.90,,56319
lost fielding first,1,0,1,0,0,0.000,125,10,295,12.50,2.54,,56319
,56319
World Cup,1,1,1,0,0,1.000,259,20,572,12.95,2.71,,56319
overall,1,1,1,0,0,1.000,454,16,564,28.37,4.82,Profile,56322
England,1,1,0,0,0,-,280,6,300,46.66,5.60,,56322
Sri Lanka,1,0,1,0,0,0.000,174,10,264,17.40,3.95,,56322
,56322
neutral,1,1,1,0,0,1.000,454,16,564,28.37,4.82,,56322
,56322
1990s,1,1,1,0,0,1.000,454,16,564,28.37,4.82,,56322
,56322
won the toss,1,1,0,0,0,-,280,6,300,46.66,5.60,,56322
lost the toss,1,0,1,0,0,0.000,174,10,264,17.40,3.95,,56322
,56322
won toss & batted,1,1,0,0,0,-,280,6,300,46.66,5.60,,56322
lost toss & fielded,1,0,1,0,0,0.000,174,10,264,17.40,3.95,,56322
,56322
matches batting first,1,1,0,0,0,-,280,6,300,46.66,5.60,,56322
matches fielding first,1,0,1,0,0,0.000,174,10,264,17.40,3.95,,56322
,56322
1st match innings,1,1,0,0,0,-,280,6,300,46.66,5.60,,56322
2nd match innings,1,0,1,0,0,0.000,174,10,264,17.40,3.95,,56322
,56322
won match,1,1,0,0,0,-,280,6,300,46.66,5.60,,56322
lost match,1,0,1,0,0,0.000,174,10,264,17.40,3.95,,56322
,56322
won batting first,1,1,0,0,0,-,280,6,300,46.66,5.60,,56322
lost fielding first,1,0,1,0,0,0.000,174,10,264,17.40,3.95,,56322
,56322
World Cup,1,1,1,0,0,1.000,454,16,564,28.37,4.82,,56322
overall,1,1,1,0,0,1.000,445,17,600,26.17,4.45,Profile,56326
Sri Lanka,1,0,1,0,0,0.000,177,9,300,19.66,3.54,,56326
West Indies,1,1,0,0,0,-,268,8,300,33.50,5.36,,56326
,56326
neutral,1,1,1,0,0,1.000,445,17,600,26.17,4.45,,56326
,56326
1990s,1,1,1,0,0,1.000,445,17,600,26.17,4.45,,56326
,56326
won the toss,1,0,1,0,0,0.000,177,9,300,19.66,3.54,,56326
lost the toss,1,1,0,0,0,-,268,8,300,33.50,5.36,,56326
,56326
won toss & fielded,1,0,1,0,0,0.000,177,9,300,19.66,3.54,,56326
lost toss & sent in,1,1,0,0,0,-,268,8,300,33.50,5.36,,56326
,56326
matches batting first,1,1,0,0,0,-,268,8,300,33.50,5.36,,56326
matches fielding first,1,0,1,0,0,0.000,177,9,300,19.66,3.54,,56326
,56326
1st match innings,1,1,0,0,0,-,268,8,300,33.50,5.36,,56326
2nd match innings,1,0,1,0,0,0.000,177,9,300,19.66,3.54,,56326
,56326
won match,1,1,0,0,0,-,268,8,300,33.50,5.36,,56326
lost match,1,0,1,0,0,0.000,177,9,300,19.66,3.54,,56326
,56326
won batting first,1,1,0,0,0,-,268,8,300,33.50,5.36,,56326
lost fielding first,1,0,1,0,0,0.000,177,9,300,19.66,3.54,,56326
,56326
World Cup,1,1,1,0,0,1.000,445,17,600,26.17,4.45,,56326
overall,2,2,2,0,0,1.000,507,23,732,22.04,4.15,Profile,56362
Australia,2,2,0,0,0,-,255,3,257,85.00,5.95,,56362
Bangladesh,2,0,2,0,0,0.000,252,20,475,12.60,3.18,,56362
,56362
home,2,2,0,0,0,-,255,3,257,85.00,5.95,,56362
away,2,0,2,0,0,0.000,252,20,475,12.60,3.18,,56362
,56362
2000s,2,2,2,0,0,1.000,507,23,732,22.04,4.15,,56362
,56362
won the toss,2,1,1,0,0,1.000,254,12,406,21.16,3.75,,56362
lost the toss,2,1,1,0,0,1.000,253,11,326,23.00,4.65,,56362
,56362
won toss & batted,1,0,1,0,0,0.000,147,10,271,14.70,3.25,,56362
won toss & fielded,1,1,0,0,0,-,107,2,135,53.50,4.75,,56362
lost toss & sent in,1,0,1,0,0,0.000,105,10,204,10.50,3.08,,56362
lost toss & fielded,1,1,0,0,0,-,148,1,122,148.00,7.27,,56362
,56362
matches batting first,2,0,2,0,0,0.000,252,20,475,12.60,3.18,,56362
matches fielding first,2,2,0,0,0,-,255,3,257,85.00,5.95,,56362
,56362
1st match innings,2,0,2,0,0,0.000,252,20,475,12.60,3.18,,56362
2nd match innings,2,2,0,0,0,-,255,3,257,85.00,5.95,,56362
,56362
won match,2,2,0,0,0,-,255,3,257,85.00,5.95,,56362
lost match,2,0,2,0,0,0.000,252,20,475,12.60,3.18,,56362
,56362
won fielding first,2,2,0,0,0,-,255,3,257,85.00,5.95,,56362
lost batting first,2,0,2,0,0,0.000,252,20,475,12.60,3.18,,56362
,56362
1st match in series,1,1,1,0,0,1.000,212,12,339,17.66,3.75,,56362
2nd match in series,1,1,1,0,0,1.000,295,11,393,26.81,4.50,,56362
overall,1,1,1,0,0,1.000,325,19,588,17.10,3.31,Profile,56397
England,1,1,0,0,0,-,177,9,300,19.66,3.54,,56397
West Indies,1,0,1,0,0,0.000,148,10,288,14.80,3.08,,56397
,56397
neutral,1,1,1,0,0,1.000,325,19,588,17.10,3.31,,56397
,56397
1980s,1,1,1,0,0,1.000,325,19,588,17.10,3.31,,56397
,56397
won the toss,1,0,1,0,0,0.000,148,10,288,14.80,3.08,,56397
lost the toss,1,1,0,0,0,-,177,9,300,19.66,3.54,,56397
,56397
won toss & fielded,1,0,1,0,0,0.000,148,10,288,14.80,3.08,,56397
lost toss & sent in,1,1,0,0,0,-,177,9,300,19.66,3.54,,56397
,56397
matches batting first,1,1,0,0,0,-,177,9,300,19.66,3.54,,56397
matches fielding first,1,0,1,0,0,0.000,148,10,288,14.80,3.08,,56397
,56397
1st match innings,1,1,0,0,0,-,177,9,300,19.66,3.54,,56397
2nd match innings,1,0,1,0,0,0.000,148,10,288,14.80,3.08,,56397
,56397
won match,1,1,0,0,0,-,177,9,300,19.66,3.54,,56397
lost match,1,0,1,0,0,0.000,148,10,288,14.80,3.08,,56397
,56397
won batting first,1,1,0,0,0,-,177,9,300,19.66,3.54,,56397
lost fielding first,1,0,1,0,0,0.000,148,10,288,14.80,3.08,,56397
overall,1,1,1,0,0,1.000,395,9,544,43.88,4.35,Profile,56410
Sri Lanka,1,0,1,0,0,0.000,197,7,300,28.14,3.94,,56410
West Indies,1,1,0,0,0,-,198,2,244,99.00,4.86,,56410
,56410
neutral,1,1,1,0,0,1.000,395,9,544,43.88,4.35,,56410
,56410
1980s,1,1,1,0,0,1.000,395,9,544,43.88,4.35,,56410
,56410
won the toss,1,1,0,0,0,-,198,2,244,99.00,4.86,,56410
lost the toss,1,0,1,0,0,0.000,197,7,300,28.14,3.94,,56410
,56410
won toss & fielded,1,1,0,0,0,-,198,2,244,99.00,4.86,,56410
lost toss & sent in,1,0,1,0,0,0.000,197,7,300,28.14,3.94,,56410
,56410
matches batting first,1,0,1,0,0,0.000,197,7,300,28.14,3.94,,56410
matches fielding first,1,1,0,0,0,-,198,2,244,99.00,4.86,,56410
,56410
1st match innings,1,0,1,0,0,0.000,197,7,300,28.14,3.94,,56410
2nd match innings,1,1,0,0,0,-,198,2,244,99.00,4.86,,56410
,56410
won match,1,1,0,0,0,-,198,2,244,99.00,4.86,,56410
lost match,1,0,1,0,0,0.000,197,7,300,28.14,3.94,,56410
,56410
won fielding first,1,1,0,0,0,-,198,2,244,99.00,4.86,,56410
lost batting first,1,0,1,0,0,0.000,197,7,300,28.14,3.94,,56410
overall,1,1,1,0,0,1.000,370,18,558,20.55,3.97,Profile,56420
India,1,1,0,0,0,-,202,9,288,22.44,4.20,,56420
New Zealand,1,0,1,0,0,0.000,168,9,270,18.66,3.73,,56420
,56420
neutral,1,1,1,0,0,1.000,370,18,558,20.55,3.97,,56420
,56420
1980s,1,1,1,0,0,1.000,370,18,558,20.55,3.97,,56420
,56420
won the toss,1,0,1,0,0,0.000,168,9,270,18.66,3.73,,56420
lost the toss,1,1,0,0,0,-,202,9,288,22.44,4.20,,56420
,56420
won toss & fielded,1,0,1,0,0,0.000,168,9,270,18.66,3.73,,56420
lost toss & sent in,1,1,0,0,0,-,202,9,288,22.44,4.20,,56420
,56420
matches batting first,1,1,0,0,0,-,202,9,288,22.44,4.20,,56420
matches fielding first,1,0,1,0,0,0.000,168,9,270,18.66,3.73,,56420
,56420
1st match innings,1,1,0,0,0,-,202,9,288,22.44,4.20,,56420
2nd match innings,1,0,1,0,0,0.000,168,9,270,18.66,3.73,,56420
,56420
won match,1,1,0,0,0,-,202,9,288,22.44,4.20,,56420
lost match,1,0,1,0,0,0.000,168,9,270,18.66,3.73,,56420
,56420
won batting first,1,1,0,0,0,-,202,9,288,22.44,4.20,,56420
lost fielding first,1,0,1,0,0,0.000,168,9,270,18.66,3.73,,56420
overall,1,0,0,0,1,0.000,1,0,2,-,3.00,Profile,56430
India,1,0,0,0,1,0.000,1,0,2,-,3.00,,56430
Sri Lanka,1,0,0,0,1,0.000,0,0,0,-,-,,56430
,56430
neutral,1,0,0,0,1,0.000,1,0,2,-,3.00,,56430
,56430
1990s,1,0,0,0,1,0.000,1,0,2,-,3.00,,56430
,56430
won the toss,1,0,0,0,1,0.000,0,0,0,-,-,,56430
lost the toss,1,0,0,0,1,0.000,1,0,2,-,3.00,,56430
,56430
won toss & fielded,1,0,0,0,1,0.000,0,0,0,-,-,,56430
lost toss & sent in,1,0,0,0,1,0.000,1,0,2,-,3.00,,56430
,56430
matches batting first,1,0,0,0,1,0.000,1,0,2,-,3.00,,56430
matches fielding first,1,0,0,0,1,0.000,0,0,0,-,-,,56430
,56430
1st match innings,1,0,0,0,1,0.000,1,0,2,-,3.00,,56430
,56430
no result,1,0,0,0,1,0.000,1,0,2,-,3.00,,56430
,56430
no result batting first,1,0,0,0,1,0.000,1,0,2,-,3.00,,56430
no result fielding first,1,0,0,0,1,0.000,0,0,0,-,-,,56430
,56430
World Cup,1,0,0,0,1,0.000,1,0,2,-,3.00,,56430
overall,5,5,5,0,0,1.000,1982,79,2671,25.08,4.45,Profile,56670
Bangladesh,5,4,1,0,0,4.000,1070,37,1349,28.91,4.75,,56670
Kenya,1,0,1,0,0,0.000,170,10,289,17.00,3.52,,56670
Sri Lanka,2,1,1,0,0,1.000,331,15,439,22.06,4.52,,56670
Zimbabwe,2,0,2,0,0,0.000,411,17,594,24.17,4.15,,56670
,56670
home,5,4,1,0,0,4.000,1070,37,1349,28.91,4.75,,56670
away,5,1,4,0,0,0.250,912,42,1322,21.71,4.13,,56670
,56670
2000s,5,5,5,0,0,1.000,1982,79,2671,25.08,4.45,,56670
,56670
won the toss,5,3,2,0,0,1.500,1044,37,1347,28.21,4.65,,56670
lost the toss,5,2,3,0,0,0.666,938,42,1324,22.33,4.25,,56670
,56670
won toss & batted,2,1,1,0,0,1.000,419,17,515,24.64,4.88,,56670
won toss & fielded,3,2,1,0,0,2.000,625,20,832,31.25,4.50,,56670
lost toss & sent in,3,1,2,0,0,0.500,649,27,890,24.03,4.37,,56670
lost toss & fielded,2,1,1,0,0,1.000,289,15,434,19.26,3.99,,56670
,56670
matches batting first,5,2,3,0,0,0.666,1068,44,1405,24.27,4.56,,56670
matches fielding first,5,3,2,0,0,1.500,914,35,1266,26.11,4.33,,56670
,56670
1st match innings,5,2,3,0,0,0.666,1068,44,1405,24.27,4.56,,56670
2nd match innings,5,3,2,0,0,1.500,914,35,1266,26.11,4.33,,56670
,56670
day match,2,2,2,0,0,1.000,896,33,1165,27.15,4.61,,56670
day/night match,3,3,3,0,0,1.000,1086,46,1506,23.60,4.32,,56670
,56670
won match,5,5,0,0,0,-,1071,32,1279,33.46,5.02,,56670
lost match,5,0,5,0,0,0.000,911,47,1392,19.38,3.92,,56670
,56670
won batting first,2,2,0,0,0,-,521,17,596,30.64,5.24,,56670
won fielding first,3,3,0,0,0,-,550,15,683,36.66,4.83,,56670
lost batting first,3,0,3,0,0,0.000,547,27,809,20.25,4.05,,56670
lost fielding first,2,0,2,0,0,0.000,364,20,583,18.20,3.74,,56670
,56670
1st match in series,2,2,2,0,0,1.000,708,32,949,22.12,4.47,,56670
2nd match in series,2,2,2,0,0,1.000,860,27,1132,31.85,4.55,,56670
3rd match in series,1,1,1,0,0,1.000,414,20,590,20.70,4.21,,56670
overall,1,1,1,0,0,1.000,400,11,531,36.36,4.51,Profile,56689
Bangladesh,1,1,0,0,0,-,202,2,231,101.00,5.24,,56689
West Indies,1,0,1,0,0,0.000,198,9,300,22.00,3.96,,56689
,56689
home,1,1,0,0,0,-,202,2,231,101.00,5.24,,56689
away,1,0,1,0,0,0.000,198,9,300,22.00,3.96,,56689
,56689
2010s,1,1,1,0,0,1.000,400,11,531,36.36,4.51,,56689
,56689
won the toss,1,1,0,0,0,-,202,2,231,101.00,5.24,,56689
lost the toss,1,0,1,0,0,0.000,198,9,300,22.00,3.96,,56689
,56689
won toss & fielded,1,1,0,0,0,-,202,2,231,101.00,5.24,,56689
lost toss & sent in,1,0,1,0,0,0.000,198,9,300,22.00,3.96,,56689
,56689
matches batting first,1,0,1,0,0,0.000,198,9,300,22.00,3.96,,56689
matches fielding first,1,1,0,0,0,-,202,2,231,101.00,5.24,,56689
,56689
1st match innings,1,0,1,0,0,0.000,198,9,300,22.00,3.96,,56689
2nd match innings,1,1,0,0,0,-,202,2,231,101.00,5.24,,56689
,56689
won match,1,1,0,0,0,-,202,2,231,101.00,5.24,,56689
lost match,1,0,1,0,0,0.000,198,9,300,22.00,3.96,,56689
,56689
won fielding first,1,1,0,0,0,-,202,2,231,101.00,5.24,,56689
lost batting first,1,0,1,0,0,0.000,198,9,300,22.00,3.96,,56689
,56689
3rd match in series,1,1,1,0,0,1.000,400,11,531,36.36,4.51,,56689
overall,1,1,1,0,0,1.000,507,11,584,46.09,5.20,Profile,56825
India,1,0,1,0,0,0.000,253,5,300,50.60,5.06,,56825
South Africa,1,1,0,0,0,-,254,6,284,42.33,5.36,,56825
,56825
neutral,1,1,1,0,0,1.000,507,11,584,46.09,5.20,,56825
,56825
1990s,1,1,1,0,0,1.000,507,11,584,46.09,5.20,,56825
,56825
won the toss,1,0,1,0,0,0.000,253,5,300,50.60,5.06,,56825
lost the toss,1,1,0,0,0,-,254,6,284,42.33,5.36,,56825
,56825
won toss & batted,1,0,1,0,0,0.000,253,5,300,50.60,5.06,,56825
lost toss & fielded,1,1,0,0,0,-,254,6,284,42.33,5.36,,56825
,56825
matches batting first,1,0,1,0,0,0.000,253,5,300,50.60,5.06,,56825
matches fielding first,1,1,0,0,0,-,254,6,284,42.33,5.36,,56825
,56825
1st match innings,1,0,1,0,0,0.000,253,5,300,50.60,5.06,,56825
2nd match innings,1,1,0,0,0,-,254,6,284,42.33,5.36,,56825
,56825
won match,1,1,0,0,0,-,254,6,284,42.33,5.36,,56825
lost match,1,0,1,0,0,0.000,253,5,300,50.60,5.06,,56825
,56825
won fielding first,1,1,0,0,0,-,254,6,284,42.33,5.36,,56825
lost batting first,1,0,1,0,0,0.000,253,5,300,50.60,5.06,,56825
,56825
World Cup,1,1,1,0,0,1.000,507,11,584,46.09,5.20,,56825
overall,2,2,2,0,0,1.000,693,38,1079,18.23,3.85,Profile,57207
Bangladesh,1,1,0,0,0,-,223,9,300,24.77,4.46,,57207
Pakistan,1,0,1,0,0,0.000,161,10,267,16.10,3.61,,57207
South Africa,1,1,0,0,0,-,199,9,300,22.11,3.98,,57207
Sri Lanka,1,0,1,0,0,0.000,110,10,212,11.00,3.11,,57207
,57207
neutral,2,2,2,0,0,1.000,693,38,1079,18.23,3.85,,57207
,57207
1990s,2,2,2,0,0,1.000,693,38,1079,18.23,3.85,,57207
,57207
won the toss,2,0,2,0,0,0.000,271,20,479,13.55,3.39,,57207
lost the toss,2,2,0,0,0,-,422,18,600,23.44,4.22,,57207
,57207
won toss & fielded,2,0,2,0,0,0.000,271,20,479,13.55,3.39,,57207
lost toss & sent in,2,2,0,0,0,-,422,18,600,23.44,4.22,,57207
,57207
matches batting first,2,2,0,0,0,-,422,18,600,23.44,4.22,,57207
matches fielding first,2,0,2,0,0,0.000,271,20,479,13.55,3.39,,57207
,57207
1st match innings,2,2,0,0,0,-,422,18,600,23.44,4.22,,57207
2nd match innings,2,0,2,0,0,0.000,271,20,479,13.55,3.39,,57207
,57207
won match,2,2,0,0,0,-,422,18,600,23.44,4.22,,57207
lost match,2,0,2,0,0,0.000,271,20,479,13.55,3.39,,57207
,57207
won batting first,2,2,0,0,0,-,422,18,600,23.44,4.22,,57207
lost fielding first,2,0,2,0,0,0.000,271,20,479,13.55,3.39,,57207
,57207
World Cup,2,2,2,0,0,1.000,693,38,1079,18.23,3.85,,57207
overall,1,1,1,0,0,1.000,501,18,702,27.83,4.28,Profile,57367
India,1,1,0,0,0,-,266,8,360,33.25,4.43,,57367
Zimbabwe,1,0,1,0,0,0.000,235,10,342,23.50,4.12,,57367
,57367
neutral,1,1,1,0,0,1.000,501,18,702,27.83,4.28,,57367
,57367
1980s,1,1,1,0,0,1.000,501,18,702,27.83,4.28,,57367
,57367
won the toss,1,1,0,0,0,-,266,8,360,33.25,4.43,,57367
lost the toss,1,0,1,0,0,0.000,235,10,342,23.50,4.12,,57367
,57367
won toss & batted,1,1,0,0,0,-,266,8,360,33.25,4.43,,57367
lost toss & fielded,1,0,1,0,0,0.000,235,10,342,23.50,4.12,,57367
,57367
matches batting first,1,1,0,0,0,-,266,8,360,33.25,4.43,,57367
matches fielding first,1,0,1,0,0,0.000,235,10,342,23.50,4.12,,57367
,57367
1st match innings,1,1,0,0,0,-,266,8,360,33.25,4.43,,57367
2nd match innings,1,0,1,0,0,0.000,235,10,342,23.50,4.12,,57367
,57367
won match,1,1,0,0,0,-,266,8,360,33.25,4.43,,57367
lost match,1,0,1,0,0,0.000,235,10,342,23.50,4.12,,57367
,57367
won batting first,1,1,0,0,0,-,266,8,360,33.25,4.43,,57367
lost fielding first,1,0,1,0,0,0.000,235,10,342,23.50,4.12,,57367
,57367
World Cup,1,1,1,0,0,1.000,501,18,702,27.83,4.28,,57367
overall,1,1,1,0,0,1.000,316,12,539,26.33,3.51,Profile,57852
England,1,1,0,0,0,-,160,5,263,32.00,3.65,,57852
India,1,0,1,0,0,0.000,156,7,276,22.28,3.39,,57852
,57852
home,1,0,1,0,0,0.000,156,7,276,22.28,3.39,,57852
away,1,1,0,0,0,-,160,5,263,32.00,3.65,,57852
,57852
1980s,1,1,1,0,0,1.000,316,12,539,26.33,3.51,,57852
,57852
won the toss,1,1,0,0,0,-,160,5,263,32.00,3.65,,57852
lost the toss,1,0,1,0,0,0.000,156,7,276,22.28,3.39,,57852
,57852
won toss & fielded,1,1,0,0,0,-,160,5,263,32.00,3.65,,57852
lost toss & sent in,1,0,1,0,0,0.000,156,7,276,22.28,3.39,,57852
,57852
matches batting first,1,0,1,0,0,0.000,156,7,276,22.28,3.39,,57852
matches fielding first,1,1,0,0,0,-,160,5,263,32.00,3.65,,57852
,57852
1st match innings,1,0,1,0,0,0.000,156,7,276,22.28,3.39,,57852
2nd match innings,1,1,0,0,0,-,160,5,263,32.00,3.65,,57852
,57852
won match,1,1,0,0,0,-,160,5,263,32.00,3.65,,57852
lost match,1,0,1,0,0,0.000,156,7,276,22.28,3.39,,57852
,57852
won fielding first,1,1,0,0,0,-,160,5,263,32.00,3.65,,57852
lost batting first,1,0,1,0,0,0.000,156,7,276,22.28,3.39,,57852
,57852
1st match in series,1,1,1,0,0,1.000,316,12,539,26.33,3.51,,57852
overall,1,1,1,0,0,1.000,432,16,596,27.00,4.34,Profile,58273
Pakistan,1,1,0,0,0,-,219,6,300,36.50,4.38,,58273
Sri Lanka,1,0,1,0,0,0.000,213,10,296,21.30,4.31,,58273
,58273
neutral,1,1,1,0,0,1.000,432,16,596,27.00,4.34,,58273
,58273
1980s,1,1,1,0,0,1.000,432,16,596,27.00,4.34,,58273
,58273
won the toss,1,1,0,0,0,-,219,6,300,36.50,4.38,,58273
lost the toss,1,0,1,0,0,0.000,213,10,296,21.30,4.31,,58273
,58273
won toss & batted,1,1,0,0,0,-,219,6,300,36.50,4.38,,58273
lost toss & fielded,1,0,1,0,0,0.000,213,10,296,21.30,4.31,,58273
,58273
matches batting first,1,1,0,0,0,-,219,6,300,36.50,4.38,,58273
matches fielding first,1,0,1,0,0,0.000,213,10,296,21.30,4.31,,58273
,58273
1st match innings,1,1,0,0,0,-,219,6,300,36.50,4.38,,58273
2nd match innings,1,0,1,0,0,0.000,213,10,296,21.30,4.31,,58273
,58273
won match,1,1,0,0,0,-,219,6,300,36.50,4.38,,58273
lost match,1,0,1,0,0,0.000,213,10,296,21.30,4.31,,58273
,58273
won batting first,1,1,0,0,0,-,219,6,300,36.50,4.38,,58273
lost fielding first,1,0,1,0,0,0.000,213,10,296,21.30,4.31,,58273
overall,1,1,1,0,0,1.000,495,16,521,30.93,5.70,Profile,58537
India,1,0,1,0,0,0.000,180,10,221,18.00,4.88,,58537
West Indies,1,1,0,0,0,-,315,6,300,52.50,6.30,,58537
,58537
home,1,0,1,0,0,0.000,180,10,221,18.00,4.88,,58537
away,1,1,0,0,0,-,315,6,300,52.50,6.30,,58537
,58537
2000s,1,1,1,0,0,1.000,495,16,521,30.93,5.70,,58537
,58537
won the toss,1,0,1,0,0,0.000,180,10,221,18.00,4.88,,58537
lost the toss,1,1,0,0,0,-,315,6,300,52.50,6.30,,58537
,58537
won toss & fielded,1,0,1,0,0,0.000,180,10,221,18.00,4.88,,58537
lost toss & sent in,1,1,0,0,0,-,315,6,300,52.50,6.30,,58537
,58537
matches batting first,1,1,0,0,0,-,315,6,300,52.50,6.30,,58537
matches fielding first,1,0,1,0,0,0.000,180,10,221,18.00,4.88,,58537
,58537
1st match innings,1,1,0,0,0,-,315,6,300,52.50,6.30,,58537
2nd match innings,1,0,1,0,0,0.000,180,10,221,18.00,4.88,,58537
,58537
won match,1,1,0,0,0,-,315,6,300,52.50,6.30,,58537
lost match,1,0,1,0,0,0.000,180,10,221,18.00,4.88,,58537
,58537
won batting first,1,1,0,0,0,-,315,6,300,52.50,6.30,,58537
lost fielding first,1,0,1,0,0,0.000,180,10,221,18.00,4.88,,58537
,58537
7th match in series,1,1,1,0,0,1.000,495,16,521,30.93,5.70,,58537
overall,1,1,1,0,0,1.000,512,15,591,34.13,5.19,Profile,58650
Ireland,1,1,0,0,0,-,258,6,291,43.00,5.31,,58650
Zimbabwe,1,0,1,0,0,0.000,254,9,300,28.22,5.08,,58650
,58650
home,1,1,0,0,0,-,258,6,291,43.00,5.31,,58650
away,1,0,1,0,0,0.000,254,9,300,28.22,5.08,,58650
,58650
2010s,1,1,1,0,0,1.000,512,15,591,34.13,5.19,,58650
,58650
won the toss,1,1,0,0,0,-,258,6,291,43.00,5.31,,58650
lost the toss,1,0,1,0,0,0.000,254,9,300,28.22,5.08,,58650
,58650
won toss & fielded,1,1,0,0,0,-,258,6,291,43.00,5.31,,58650
lost toss & sent in,1,0,1,0,0,0.000,254,9,300,28.22,5.08,,58650
,58650
matches batting first,1,0,1,0,0,0.000,254,9,300,28.22,5.08,,58650
matches fielding first,1,1,0,0,0,-,258,6,291,43.00,5.31,,58650
,58650
1st match innings,1,0,1,0,0,0.000,254,9,300,28.22,5.08,,58650
2nd match innings,1,1,0,0,0,-,258,6,291,43.00,5.31,,58650
,58650
won match,1,1,0,0,0,-,258,6,291,43.00,5.31,,58650
lost match,1,0,1,0,0,0.000,254,9,300,28.22,5.08,,58650
,58650
won fielding first,1,1,0,0,0,-,258,6,291,43.00,5.31,,58650
lost batting first,1,0,1,0,0,0.000,254,9,300,28.22,5.08,,58650
,58650
1st match in series,1,1,1,0,0,1.000,512,15,591,34.13,5.19,,58650
overall,4,4,4,0,0,1.000,1292,60,1917,21.53,4.04,Profile,58655
Bangladesh,2,0,2,0,0,0.000,192,20,443,9.60,2.60,,58655
Kenya,3,1,2,0,0,0.500,457,21,684,21.76,4.00,,58655
Pakistan,1,1,0,0,0,-,149,6,242,24.83,3.69,,58655
Zimbabwe,2,2,0,0,0,-,494,13,548,38.00,5.40,,58655
,58655
home,3,1,2,0,0,0.500,457,21,684,21.76,4.00,,58655
away,3,2,1,0,0,2.000,459,19,738,24.15,3.73,,58655
neutral,1,1,1,0,0,1.000,376,20,495,18.80,4.55,,58655
,58655
1990s,4,4,4,0,0,1.000,1292,60,1917,21.53,4.04,,58655
,58655
won the toss,4,2,2,0,0,1.000,742,33,1078,22.48,4.12,,58655
lost the toss,4,2,2,0,0,1.000,550,27,839,20.37,3.93,,58655
,58655
won toss & batted,3,1,2,0,0,0.500,532,30,830,17.73,3.84,,58655
won toss & fielded,1,1,0,0,0,-,210,3,248,70.00,5.08,,58655
lost toss & sent in,1,0,1,0,0,0.000,207,9,300,23.00,4.14,,58655
lost toss & fielded,3,2,1,0,0,2.000,343,18,539,19.05,3.81,,58655
,58655
matches batting first,4,1,3,0,0,0.333,739,39,1130,18.94,3.92,,58655
matches fielding first,4,3,1,0,0,3.000,553,21,787,26.33,4.21,,58655
,58655
1st match innings,4,1,3,0,0,0.333,739,39,1130,18.94,3.92,,58655
2nd match innings,4,3,1,0,0,3.000,553,21,787,26.33,4.21,,58655
,58655
won match,4,4,0,0,0,-,745,21,892,35.47,5.01,,58655
lost match,4,0,4,0,0,0.000,547,39,1025,14.02,3.20,,58655
,58655
won batting first,1,1,0,0,0,-,284,10,300,28.40,5.68,,58655
won fielding first,3,3,0,0,0,-,461,11,592,41.90,4.67,,58655
lost batting first,3,0,3,0,0,0.000,455,29,830,15.68,3.28,,58655
lost fielding first,1,0,1,0,0,0.000,92,10,195,9.20,2.83,,58655
overall,1,1,1,0,0,1.000,339,18,496,18.83,4.10,Profile,58657
South Africa,1,0,1,0,0,0.000,169,10,252,16.90,4.02,,58657
Sri Lanka,1,1,0,0,0,-,170,8,244,21.25,4.18,,58657
,58657
neutral,1,1,1,0,0,1.000,339,18,496,18.83,4.10,,58657
,58657
1990s,1,1,1,0,0,1.000,339,18,496,18.83,4.10,,58657
,58657
won the toss,1,0,1,0,0,0.000,169,10,252,16.90,4.02,,58657
lost the toss,1,1,0,0,0,-,170,8,244,21.25,4.18,,58657
,58657
won toss & batted,1,0,1,0,0,0.000,169,10,252,16.90,4.02,,58657
lost toss & fielded,1,1,0,0,0,-,170,8,244,21.25,4.18,,58657
,58657
matches batting first,1,0,1,0,0,0.000,169,10,252,16.90,4.02,,58657
matches fielding first,1,1,0,0,0,-,170,8,244,21.25,4.18,,58657
,58657
1st match innings,1,0,1,0,0,0.000,169,10,252,16.90,4.02,,58657
2nd match innings,1,1,0,0,0,-,170,8,244,21.25,4.18,,58657
,58657
won match,1,1,0,0,0,-,170,8,244,21.25,4.18,,58657
lost match,1,0,1,0,0,0.000,169,10,252,16.90,4.02,,58657
,58657
won fielding first,1,1,0,0,0,-,170,8,244,21.25,4.18,,58657
lost batting first,1,0,1,0,0,0.000,169,10,252,16.90,4.02,,58657
overall,5,5,5,0,0,1.000,2445,64,2800,38.20,5.23,Profile,58658
Bermuda,2,1,1,0,0,1.000,463,15,573,30.86,4.84,,58658
Canada,2,0,2,0,0,0.000,469,19,564,24.68,4.98,,58658
Ireland,1,0,1,0,0,0.000,284,4,300,71.00,5.68,,58658
Kenya,1,1,0,0,0,-,286,9,294,31.77,5.83,,58658
Netherlands,2,2,0,0,0,-,399,4,469,99.75,5.10,,58658
Scotland,2,1,1,0,0,1.000,544,13,600,41.84,5.44,,58658
,58658
home,1,1,0,0,0,-,286,9,294,31.77,5.83,,58658
away,1,0,1,0,0,0.000,284,4,300,71.00,5.68,,58658
neutral,4,4,4,0,0,1.000,1875,51,2206,36.76,5.09,,58658
,58658
2000s,5,5,5,0,0,1.000,2445,64,2800,38.20,5.23,,58658
,58658
won the toss,5,2,3,0,0,0.666,1221,39,1417,31.30,5.17,,58658
lost the toss,5,3,2,0,0,1.500,1224,25,1383,48.96,5.31,,58658
,58658
won toss & batted,2,0,2,0,0,0.000,468,19,564,24.63,4.97,,58658
won toss & fielded,3,2,1,0,0,2.000,753,20,853,37.65,5.29,,58658
lost toss & sent in,3,1,2,0,0,0.500,754,18,879,41.88,5.14,,58658
lost toss & fielded,2,2,0,0,0,-,470,7,504,67.14,5.59,,58658
,58658
matches batting first,5,1,4,0,0,0.250,1222,37,1443,33.02,5.08,,58658
matches fielding first,5,4,1,0,0,4.000,1223,27,1357,45.29,5.40,,58658
,58658
1st match innings,5,1,4,0,0,0.250,1222,37,1443,33.02,5.08,,58658
2nd match innings,5,4,1,0,0,4.000,1223,27,1357,45.29,5.40,,58658
,58658
won match,5,5,0,0,0,-,1230,22,1357,55.90,5.43,,58658
lost match,5,0,5,0,0,0.000,1215,42,1443,28.92,5.05,,58658
,58658
won batting first,1,1,0,0,0,-,276,4,300,69.00,5.52,,58658
won fielding first,4,4,0,0,0,-,954,18,1057,53.00,5.41,,58658
lost batting first,4,0,4,0,0,0.000,946,33,1143,28.66,4.96,,58658
lost fielding first,1,0,1,0,0,0.000,269,9,300,29.88,5.38,,58658
overall,1,1,1,0,0,1.000,516,14,597,36.85,5.18,Profile,58659
Kenya,1,0,1,0,0,0.000,205,10,297,20.50,4.14,,58659
West Indies,1,1,0,0,0,-,311,4,300,77.75,6.22,,58659
,58659
home,1,0,1,0,0,0.000,205,10,297,20.50,4.14,,58659
away,1,1,0,0,0,-,311,4,300,77.75,6.22,,58659
,58659
2000s,1,1,1,0,0,1.000,516,14,597,36.85,5.18,,58659
,58659
won the toss,1,0,1,0,0,0.000,205,10,297,20.50,4.14,,58659
lost the toss,1,1,0,0,0,-,311,4,300,77.75,6.22,,58659
,58659
won toss & fielded,1,0,1,0,0,0.000,205,10,297,20.50,4.14,,58659
lost toss & sent in,1,1,0,0,0,-,311,4,300,77.75,6.22,,58659
,58659
matches batting first,1,1,0,0,0,-,311,4,300,77.75,6.22,,58659
matches fielding first,1,0,1,0,0,0.000,205,10,297,20.50,4.14,,58659
,58659
1st match innings,1,1,0,0,0,-,311,4,300,77.75,6.22,,58659
2nd match innings,1,0,1,0,0,0.000,205,10,297,20.50,4.14,,58659
,58659
won match,1,1,0,0,0,-,311,4,300,77.75,6.22,,58659
lost match,1,0,1,0,0,0.000,205,10,297,20.50,4.14,,58659
,58659
won batting first,1,1,0,0,0,-,311,4,300,77.75,6.22,,58659
lost fielding first,1,0,1,0,0,0.000,205,10,297,20.50,4.14,,58659
,58659
1st match in series,1,1,1,0,0,1.000,516,14,597,36.85,5.18,,58659
overall,1,1,1,0,0,1.000,307,17,474,18.05,3.88,Profile,58678
Namibia,1,1,0,0,0,-,226,7,300,32.28,4.52,,58678
Oman,1,0,1,0,0,0.000,81,10,174,8.10,2.79,,58678
,58678
home,1,1,0,0,0,-,226,7,300,32.28,4.52,,58678
away,1,0,1,0,0,0.000,81,10,174,8.10,2.79,,58678
,58678
2010s,1,1,1,0,0,1.000,307,17,474,18.05,3.88,,58678
,58678
won the toss,1,1,0,0,0,-,226,7,300,32.28,4.52,,58678
lost the toss,1,0,1,0,0,0.000,81,10,174,8.10,2.79,,58678
,58678
won toss & batted,1,1,0,0,0,-,226,7,300,32.28,4.52,,58678
lost toss & fielded,1,0,1,0,0,0.000,81,10,174,8.10,2.79,,58678
,58678
matches batting first,1,1,0,0,0,-,226,7,300,32.28,4.52,,58678
matches fielding first,1,0,1,0,0,0.000,81,10,174,8.10,2.79,,58678
,58678
1st match innings,1,1,0,0,0,-,226,7,300,32.28,4.52,,58678
2nd match innings,1,0,1,0,0,0.000,81,10,174,8.10,2.79,,58678
,58678
won match,1,1,0,0,0,-,226,7,300,32.28,4.52,,58678
lost match,1,0,1,0,0,0.000,81,10,174,8.10,2.79,,58678
,58678
won batting first,1,1,0,0,0,-,226,7,300,32.28,4.52,,58678
lost fielding first,1,0,1,0,0,0.000,81,10,174,8.10,2.79,,58678
overall,2,2,2,0,0,1.000,994,24,1134,41.41,5.25,Profile,58693
Netherlands,2,2,0,0,0,-,499,10,552,49.90,5.42,,58693
Zimbabwe,2,0,2,0,0,0.000,495,14,582,35.35,5.10,,58693
,58693
home,2,2,0,0,0,-,499,10,552,49.90,5.42,,58693
away,2,0,2,0,0,0.000,495,14,582,35.35,5.10,,58693
,58693
2010s,2,2,2,0,0,1.000,994,24,1134,41.41,5.25,,58693
,58693
won the toss,2,0,2,0,0,0.000,495,14,582,35.35,5.10,,58693
lost the toss,2,2,0,0,0,-,499,10,552,49.90,5.42,,58693
,58693
won toss & batted,2,0,2,0,0,0.000,495,14,582,35.35,5.10,,58693
lost toss & fielded,2,2,0,0,0,-,499,10,552,49.90,5.42,,58693
,58693
matches batting first,2,0,2,0,0,0.000,495,14,582,35.35,5.10,,58693
matches fielding first,2,2,0,0,0,-,499,10,552,49.90,5.42,,58693
,58693
1st match innings,2,0,2,0,0,0.000,495,14,582,35.35,5.10,,58693
2nd match innings,2,2,0,0,0,-,499,10,552,49.90,5.42,,58693
,58693
won match,2,2,0,0,0,-,499,10,552,49.90,5.42,,58693
lost match,2,0,2,0,0,0.000,495,14,582,35.35,5.10,,58693
,58693
won fielding first,2,2,0,0,0,-,499,10,552,49.90,5.42,,58693
lost batting first,2,0,2,0,0,0.000,495,14,582,35.35,5.10,,58693
,58693
1st match in series,1,1,1,0,0,1.000,413,11,538,37.54,4.60,,58693
2nd match in series,1,1,1,0,0,1.000,581,13,596,44.69,5.84,,58693
overall,2,2,2,0,0,1.000,691,31,1083,22.29,3.82,Profile,58728
Canada,2,2,0,0,0,-,348,11,511,31.63,4.08,,58728
Kenya,2,0,2,0,0,0.000,343,20,572,17.15,3.59,,58728
,58728
neutral,2,2,2,0,0,1.000,691,31,1083,22.29,3.82,,58728
,58728
2010s,2,2,2,0,0,1.000,691,31,1083,22.29,3.82,,58728
,58728
won the toss,2,2,0,0,0,-,348,11,511,31.63,4.08,,58728
lost the toss,2,0,2,0,0,0.000,343,20,572,17.15,3.59,,58728
,58728
won toss & fielded,2,2,0,0,0,-,348,11,511,31.63,4.08,,58728
lost toss & sent in,2,0,2,0,0,0.000,343,20,572,17.15,3.59,,58728
,58728
matches batting first,2,0,2,0,0,0.000,343,20,572,17.15,3.59,,58728
matches fielding first,2,2,0,0,0,-,348,11,511,31.63,4.08,,58728
,58728
1st match innings,2,0,2,0,0,0.000,343,20,572,17.15,3.59,,58728
2nd match innings,2,2,0,0,0,-,348,11,511,31.63,4.08,,58728
,58728
won match,2,2,0,0,0,-,348,11,511,31.63,4.08,,58728
lost match,2,0,2,0,0,0.000,343,20,572,17.15,3.59,,58728
,58728
won fielding first,2,2,0,0,0,-,348,11,511,31.63,4.08,,58728
lost batting first,2,0,2,0,0,0.000,343,20,572,17.15,3.59,,58728
overall,2,2,2,0,0,1.000,1060,26,1114,40.76,5.70,Profile,58847
Kenya,1,1,0,0,0,-,266,6,214,44.33,7.45,,58847
Netherlands,1,0,1,0,0,0.000,265,6,300,44.16,5.30,,58847
Scotland,1,1,0,0,0,-,285,5,300,57.00,5.70,,58847
U.A.E.,1,0,1,0,0,0.000,244,9,300,27.11,4.88,,58847
,58847
neutral,2,2,2,0,0,1.000,1060,26,1114,40.76,5.70,,58847
,58847
2010s,2,2,2,0,0,1.000,1060,26,1114,40.76,5.70,,58847
,58847
won the toss,2,2,0,0,0,-,551,11,514,50.09,6.43,,58847
lost the toss,2,0,2,0,0,0.000,509,15,600,33.93,5.09,,58847
,58847
won toss & batted,1,1,0,0,0,-,285,5,300,57.00,5.70,,58847
won toss & fielded,1,1,0,0,0,-,266,6,214,44.33,7.45,,58847
lost toss & sent in,1,0,1,0,0,0.000,265,6,300,44.16,5.30,,58847
lost toss & fielded,1,0,1,0,0,0.000,244,9,300,27.11,4.88,,58847
,58847
matches batting first,2,1,1,0,0,1.000,550,11,600,50.00,5.50,,58847
matches fielding first,2,1,1,0,0,1.000,510,15,514,34.00,5.95,,58847
,58847
1st match innings,2,1,1,0,0,1.000,550,11,600,50.00,5.50,,58847
2nd match innings,2,1,1,0,0,1.000,510,15,514,34.00,5.95,,58847
,58847
won match,2,2,0,0,0,-,551,11,514,50.09,6.43,,58847
lost match,2,0,2,0,0,0.000,509,15,600,33.93,5.09,,58847
,58847
won batting first,1,1,0,0,0,-,285,5,300,57.00,5.70,,58847
won fielding first,1,1,0,0,0,-,266,6,214,44.33,7.45,,58847
lost batting first,1,0,1,0,0,0.000,265,6,300,44.16,5.30,,58847
lost fielding first,1,0,1,0,0,0.000,244,9,300,27.11,4.88,,58847
,58847
World Cup Qualifier,2,2,2,0,0,1.000,1060,26,1114,40.76,5.70,,58847
,58847
tournament finals,1,1,1,0,0,1.000,529,14,600,37.78,5.29,,58847
preliminary matches,1,1,1,0,0,1.000,531,12,514,44.25,6.19,,58847
overall,1,1,1,0,0,1.000,625,11,596,56.81,6.29,Profile,58865
Sri Lanka,1,1,0,0,0,-,313,7,296,44.71,6.34,,58865
Zimbabwe,1,0,1,0,0,0.000,312,4,300,78.00,6.24,,58865
,58865
neutral,1,1,1,0,0,1.000,625,11,596,56.81,6.29,,58865
,58865
1990s,1,1,1,0,0,1.000,625,11,596,56.81,6.29,,58865
,58865
won the toss,1,1,0,0,0,-,313,7,296,44.71,6.34,,58865
lost the toss,1,0,1,0,0,0.000,312,4,300,78.00,6.24,,58865
,58865
won toss & fielded,1,1,0,0,0,-,313,7,296,44.71,6.34,,58865
lost toss & sent in,1,0,1,0,0,0.000,312,4,300,78.00,6.24,,58865
,58865
matches batting first,1,0,1,0,0,0.000,312,4,300,78.00,6.24,,58865
matches fielding first,1,1,0,0,0,-,313,7,296,44.71,6.34,,58865
,58865
1st match innings,1,0,1,0,0,0.000,312,4,300,78.00,6.24,,58865
2nd match innings,1,1,0,0,0,-,313,7,296,44.71,6.34,,58865
,58865
won match,1,1,0,0,0,-,313,7,296,44.71,6.34,,58865
lost match,1,0,1,0,0,0.000,312,4,300,78.00,6.24,,58865
,58865
won fielding first,1,1,0,0,0,-,313,7,296,44.71,6.34,,58865
lost batting first,1,0,1,0,0,0.000,312,4,300,78.00,6.24,,58865
,58865
World Cup,1,1,1,0,0,1.000,625,11,596,56.81,6.29,,58865
overall,1,1,1,0,0,1.000,476,16,595,29.75,4.80,Profile,58996
Pakistan,1,1,0,0,0,-,239,7,295,34.14,4.86,,58996
Zimbabwe,1,0,1,0,0,0.000,237,9,300,26.33,4.74,,58996
,58996
home,1,1,0,0,0,-,239,7,295,34.14,4.86,,58996
away,1,0,1,0,0,0.000,237,9,300,26.33,4.74,,58996
,58996
1990s,1,1,1,0,0,1.000,476,16,595,29.75,4.80,,58996
,58996
won the toss,1,0,1,0,0,0.000,237,9,300,26.33,4.74,,58996
lost the toss,1,1,0,0,0,-,239,7,295,34.14,4.86,,58996
,58996
won toss & batted,1,0,1,0,0,0.000,237,9,300,26.33,4.74,,58996
lost toss & fielded,1,1,0,0,0,-,239,7,295,34.14,4.86,,58996
,58996
matches batting first,1,0,1,0,0,0.000,237,9,300,26.33,4.74,,58996
matches fielding first,1,1,0,0,0,-,239,7,295,34.14,4.86,,58996
,58996
1st match innings,1,0,1,0,0,0.000,237,9,300,26.33,4.74,,58996
2nd match innings,1,1,0,0,0,-,239,7,295,34.14,4.86,,58996
,58996
won match,1,1,0,0,0,-,239,7,295,34.14,4.86,,58996
lost match,1,0,1,0,0,0.000,237,9,300,26.33,4.74,,58996
,58996
won fielding first,1,1,0,0,0,-,239,7,295,34.14,4.86,,58996
lost batting first,1,0,1,0,0,0.000,237,9,300,26.33,4.74,,58996
,58996
1st match in series,1,1,1,0,0,1.000,476,16,595,29.75,4.80,,58996
overall,2,2,2,0,0,1.000,808,22,1026,36.72,4.72,Profile,59011
England,1,1,0,0,0,-,212,7,280,30.28,4.54,,59011
India,1,0,1,0,0,0.000,183,2,226,91.50,4.85,,59011
Pakistan,2,1,1,0,0,1.000,413,13,520,31.76,4.76,,59011
,59011
home,2,1,1,0,0,1.000,413,13,520,31.76,4.76,,59011
away,2,1,1,0,0,1.000,395,9,506,43.88,4.68,,59011
,59011
1970s,2,2,2,0,0,1.000,808,22,1026,36.72,4.72,,59011
,59011
won the toss,2,1,1,0,0,1.000,413,13,520,31.76,4.76,,59011
lost the toss,2,1,1,0,0,1.000,395,9,506,43.88,4.68,,59011
,59011
won toss & batted,2,1,1,0,0,1.000,413,13,520,31.76,4.76,,59011
lost toss & fielded,2,1,1,0,0,1.000,395,9,506,43.88,4.68,,59011
,59011
matches batting first,2,1,1,0,0,1.000,413,13,520,31.76,4.76,,59011
matches fielding first,2,1,1,0,0,1.000,395,9,506,43.88,4.68,,59011
,59011
1st match innings,2,1,1,0,0,1.000,413,13,520,31.76,4.76,,59011
2nd match innings,2,1,1,0,0,1.000,395,9,506,43.88,4.68,,59011
,59011
won match,2,2,0,0,0,-,417,14,520,29.78,4.81,,59011
lost match,2,0,2,0,0,0.000,391,8,506,48.87,4.63,,59011
,59011
won batting first,1,1,0,0,0,-,205,7,240,29.28,5.12,,59011
won fielding first,1,1,0,0,0,-,212,7,280,30.28,4.54,,59011
lost batting first,1,0,1,0,0,0.000,208,6,280,34.66,4.45,,59011
lost fielding first,1,0,1,0,0,0.000,183,2,226,91.50,4.85,,59011
,59011
1st match in series,1,1,1,0,0,1.000,420,13,560,32.30,4.50,,59011
3rd match in series,1,1,1,0,0,1.000,388,9,466,43.11,4.99,,59011
overall,1,1,1,0,0,1.000,312,8,461,39.00,4.06,Profile,59014
Pakistan,1,1,0,0,0,-,157,2,221,78.50,4.26,,59014
Sri Lanka,1,0,1,0,0,0.000,155,6,240,25.83,3.87,,59014
,59014
home,1,1,0,0,0,-,157,2,221,78.50,4.26,,59014
away,1,0,1,0,0,0.000,155,6,240,25.83,3.87,,59014
,59014
1990s,1,1,1,0,0,1.000,312,8,461,39.00,4.06,,59014
,59014
won the toss,1,1,0,0,0,-,157,2,221,78.50,4.26,,59014
lost the toss,1,0,1,0,0,0.000,155,6,240,25.83,3.87,,59014
,59014
won toss & fielded,1,1,0,0,0,-,157,2,221,78.50,4.26,,59014
lost toss & sent in,1,0,1,0,0,0.000,155,6,240,25.83,3.87,,59014
,59014
matches batting first,1,0,1,0,0,0.000,155,6,240,25.83,3.87,,59014
matches fielding first,1,1,0,0,0,-,157,2,221,78.50,4.26,,59014
,59014
1st match innings,1,0,1,0,0,0.000,155,6,240,25.83,3.87,,59014
2nd match innings,1,1,0,0,0,-,157,2,221,78.50,4.26,,59014
,59014
won match,1,1,0,0,0,-,157,2,221,78.50,4.26,,59014
lost match,1,0,1,0,0,0.000,155,6,240,25.83,3.87,,59014
,59014
won fielding first,1,1,0,0,0,-,157,2,221,78.50,4.26,,59014
lost batting first,1,0,1,0,0,0.000,155,6,240,25.83,3.87,,59014
,59014
1st match in series,1,1,1,0,0,1.000,312,8,461,39.00,4.06,,59014
overall,2,2,2,0,0,1.000,691,22,869,31.40,4.77,Profile,59151
Bangladesh,1,0,1,0,0,0.000,124,10,187,12.40,3.97,,59151
India,1,1,0,0,0,-,311,2,300,155.50,6.22,,59151
Namibia,1,0,1,0,0,0.000,130,10,255,13.00,3.05,,59151
Sri Lanka,1,1,0,0,0,-,126,0,127,-,5.95,,59151
,59151
neutral,2,2,2,0,0,1.000,691,22,869,31.40,4.77,,59151
,59151
2000s,2,2,2,0,0,1.000,691,22,869,31.40,4.77,,59151
,59151
won the toss,2,1,1,0,0,1.000,256,10,382,25.60,4.02,,59151
lost the toss,2,1,1,0,0,1.000,435,12,487,36.25,5.35,,59151
,59151
won toss & fielded,2,1,1,0,0,1.000,256,10,382,25.60,4.02,,59151
lost toss & sent in,2,1,1,0,0,1.000,435,12,487,36.25,5.35,,59151
,59151
matches batting first,2,1,1,0,0,1.000,435,12,487,36.25,5.35,,59151
matches fielding first,2,1,1,0,0,1.000,256,10,382,25.60,4.02,,59151
,59151
1st match innings,2,1,1,0,0,1.000,435,12,487,36.25,5.35,,59151
2nd match innings,2,1,1,0,0,1.000,256,10,382,25.60,4.02,,59151
,59151
won match,2,2,0,0,0,-,437,2,427,218.50,6.14,,59151
lost match,2,0,2,0,0,0.000,254,20,442,12.70,3.44,,59151
,59151
won batting first,1,1,0,0,0,-,311,2,300,155.50,6.22,,59151
won fielding first,1,1,0,0,0,-,126,0,127,-,5.95,,59151
lost batting first,1,0,1,0,0,0.000,124,10,187,12.40,3.97,,59151
lost fielding first,1,0,1,0,0,0.000,130,10,255,13.00,3.05,,59151
,59151
World Cup,2,2,2,0,0,1.000,691,22,869,31.40,4.77,,59151
overall,9,8,8,0,1,1.000,3305,124,3851,26.65,5.14,Profile,59387
India,4,1,2,0,1,0.500,802,26,890,30.84,5.40,,59387
New Zealand,2,0,2,0,0,0.000,337,20,434,16.85,4.65,,59387
Pakistan,3,2,1,0,0,2.000,539,25,619,21.56,5.22,,59387
South Africa,3,2,1,0,0,2.000,555,19,706,29.21,4.71,,59387
West Indies,4,3,0,0,1,-,698,17,728,41.05,5.75,,59387
Zimbabwe,2,0,2,0,0,0.000,374,17,474,22.00,4.73,,59387
,59387
neutral,9,8,8,0,1,1.000,3305,124,3851,26.65,5.14,,59387
,59387
1990s,5,4,4,0,1,1.000,1874,60,2092,31.23,5.37,,59387
2000s,4,4,4,0,0,1.000,1431,64,1759,22.35,4.88,,59387
,59387
won the toss,9,4,4,0,1,1.000,1735,72,2114,24.09,4.92,,59387
lost the toss,9,4,4,0,1,1.000,1570,52,1737,30.19,5.42,,59387
,59387
won toss & batted,6,3,2,0,1,1.500,1171,48,1506,24.39,4.66,,59387
won toss & fielded,3,1,2,0,0,0.500,564,24,608,23.50,5.56,,59387
lost toss & sent in,3,2,1,0,0,2.000,690,18,630,38.33,6.57,,59387
lost toss & fielded,6,2,3,0,1,0.666,880,34,1107,25.88,4.76,,59387
,59387
matches batting first,9,5,3,0,1,1.666,1861,66,2136,28.19,5.22,,59387
matches fielding first,9,3,5,0,1,0.600,1444,58,1715,24.89,5.05,,59387
,59387
1st match innings,9,5,3,0,1,1.666,1861,66,2136,28.19,5.22,,59387
2nd match innings,8,3,5,0,0,0.600,1444,58,1715,24.89,5.05,,59387
,59387
won match,8,8,0,0,0,-,1717,47,1772,36.53,5.81,,59387
lost match,8,0,8,0,0,0.000,1439,71,1849,20.26,4.66,,59387
no result,1,0,0,0,1,0.000,149,6,230,24.83,3.88,,59387
,59387
won batting first,5,5,0,0,0,-,1056,35,1020,30.17,6.21,,59387
won fielding first,3,3,0,0,0,-,661,12,752,55.08,5.27,,59387
lost batting first,3,0,3,0,0,0.000,656,25,886,26.24,4.44,,59387
lost fielding first,5,0,5,0,0,0.000,783,46,963,17.02,4.87,,59387
no result batting first,1,0,0,0,1,0.000,149,6,230,24.83,3.88,,59387
no result fielding first,1,0,0,0,1,0.000,0,0,0,-,-,,59387
,59387
tournament finals,3,2,2,0,1,1.000,976,35,1195,27.88,4.90,,59387
preliminary matches,6,6,6,0,0,1.000,2329,89,2656,26.16,5.26,,59387
overall,5,4,4,0,1,1.000,1907,72,2160,26.48,5.29,Profile,59389
India,2,1,1,0,0,1.000,425,18,557,23.61,4.57,,59389
Pakistan,4,2,1,0,1,2.000,774,25,817,30.96,5.68,,59389
Sri Lanka,4,1,2,0,1,0.500,708,29,786,24.41,5.40,,59389
,59389
neutral,5,4,4,0,1,1.000,1907,72,2160,26.48,5.29,,59389
,59389
1990s,5,4,4,0,1,1.000,1907,72,2160,26.48,5.29,,59389
,59389
won the toss,5,2,2,0,1,1.000,876,32,937,27.37,5.60,,59389
lost the toss,5,2,2,0,1,1.000,1031,40,1223,25.77,5.05,,59389
,59389
won toss & batted,1,1,0,0,0,-,199,10,274,19.90,4.35,,59389
won toss & fielded,4,1,2,0,1,0.500,677,22,663,30.77,6.12,,59389
lost toss & sent in,4,2,1,0,1,2.000,844,30,934,28.13,5.42,,59389
lost toss & fielded,1,0,1,0,0,0.000,187,10,289,18.70,3.88,,59389
,59389
matches batting first,5,3,1,0,1,3.000,1043,40,1208,26.07,5.18,,59389
matches fielding first,5,1,3,0,1,0.333,864,32,952,27.00,5.44,,59389
,59389
1st match innings,5,3,1,0,1,3.000,1043,40,1208,26.07,5.18,,59389
2nd match innings,4,1,3,0,0,0.333,864,32,952,27.00,5.44,,59389
,59389
won match,4,4,0,0,0,-,953,31,1033,30.74,5.53,,59389
lost match,4,0,4,0,0,0.000,900,38,1067,23.68,5.06,,59389
no result,1,0,0,0,1,0.000,54,3,60,18.00,5.40,,59389
,59389
won batting first,3,3,0,0,0,-,763,29,865,26.31,5.29,,59389
won fielding first,1,1,0,0,0,-,190,2,168,95.00,6.78,,59389
lost batting first,1,0,1,0,0,0.000,226,8,283,28.25,4.79,,59389
lost fielding first,3,0,3,0,0,0.000,674,30,784,22.46,5.15,,59389
no result batting first,1,0,0,0,1,0.000,54,3,60,18.00,5.40,,59389
no result fielding first,1,0,0,0,1,0.000,0,0,0,-,-,,59389
,59389
tournament finals,1,1,1,0,0,1.000,387,20,488,19.35,4.75,,59389
preliminary matches,4,3,3,0,1,1.000,1520,52,1672,29.23,5.45,,59389
overall,4,4,4,0,0,1.000,1978,61,2268,32.42,5.23,Profile,59480
Bangladesh,2,2,0,0,0,-,522,16,594,32.62,5.27,,59480
South Africa,2,2,0,0,0,-,528,13,584,40.61,5.42,,59480
West Indies,4,0,4,0,0,0.000,928,32,1090,29.00,5.10,,59480
,59480
home,4,0,4,0,0,0.000,928,32,1090,29.00,5.10,,59480
away,4,4,0,0,0,-,1050,29,1178,36.20,5.34,,59480
,59480
2000s,2,2,2,0,0,1.000,990,32,1156,30.93,5.13,,59480
2010s,2,2,2,0,0,1.000,988,29,1112,34.06,5.33,,59480
,59480
won the toss,4,1,3,0,0,0.333,995,32,1146,31.09,5.20,,59480
lost the toss,4,3,1,0,0,3.000,983,29,1122,33.89,5.25,,59480
,59480
won toss & batted,3,1,2,0,0,0.500,801,22,884,36.40,5.43,,59480
won toss & fielded,1,0,1,0,0,0.000,194,10,262,19.40,4.44,,59480
lost toss & sent in,1,1,0,0,0,-,246,9,300,27.33,4.92,,59480
lost toss & fielded,3,2,1,0,0,2.000,737,20,822,36.85,5.37,,59480
,59480
matches batting first,4,2,2,0,0,1.000,1047,31,1184,33.77,5.30,,59480
matches fielding first,4,2,2,0,0,1.000,931,30,1084,31.03,5.15,,59480
,59480
1st match innings,4,2,2,0,0,1.000,1047,31,1184,33.77,5.30,,59480
2nd match innings,4,2,2,0,0,1.000,931,30,1084,31.03,5.15,,59480
,59480
won match,4,4,0,0,0,-,1050,29,1178,36.20,5.34,,59480
lost match,4,0,4,0,0,0.000,928,32,1090,29.00,5.10,,59480
,59480
won batting first,2,2,0,0,0,-,470,19,584,24.73,4.82,,59480
won fielding first,2,2,0,0,0,-,580,10,594,58.00,5.85,,59480
lost batting first,2,0,2,0,0,0.000,577,12,600,48.08,5.77,,59480
lost fielding first,2,0,2,0,0,0.000,351,20,490,17.55,4.29,,59480
,59480
1st match in series,1,1,1,0,0,1.000,440,19,562,23.15,4.69,,59480
2nd match in series,1,1,1,0,0,1.000,550,13,594,42.30,5.55,,59480
3rd match in series,1,1,1,0,0,1.000,381,20,512,19.05,4.46,,59480
4th match in series,1,1,1,0,0,1.000,607,9,600,67.44,6.07,,59480
overall,1,1,1,0,0,1.000,333,13,510,25.61,3.91,Profile,59492
India,1,0,1,0,0,0.000,166,10,268,16.60,3.71,,59492
West Indies,1,1,0,0,0,-,167,3,242,55.66,4.14,,59492
,59492
home,1,1,0,0,0,-,167,3,242,55.66,4.14,,59492
away,1,0,1,0,0,0.000,166,10,268,16.60,3.71,,59492
,59492
1980s,1,1,1,0,0,1.000,333,13,510,25.61,3.91,,59492
,59492
won the toss,1,1,0,0,0,-,167,3,242,55.66,4.14,,59492
lost the toss,1,0,1,0,0,0.000,166,10,268,16.60,3.71,,59492
,59492
won toss & fielded,1,1,0,0,0,-,167,3,242,55.66,4.14,,59492
lost toss & sent in,1,0,1,0,0,0.000,166,10,268,16.60,3.71,,59492
,59492
matches batting first,1,0,1,0,0,0.000,166,10,268,16.60,3.71,,59492
matches fielding first,1,1,0,0,0,-,167,3,242,55.66,4.14,,59492
,59492
1st match innings,1,0,1,0,0,0.000,166,10,268,16.60,3.71,,59492
2nd match innings,1,1,0,0,0,-,167,3,242,55.66,4.14,,59492
,59492
won match,1,1,0,0,0,-,167,3,242,55.66,4.14,,59492
lost match,1,0,1,0,0,0.000,166,10,268,16.60,3.71,,59492
,59492
won fielding first,1,1,0,0,0,-,167,3,242,55.66,4.14,,59492
lost batting first,1,0,1,0,0,0.000,166,10,268,16.60,3.71,,59492
,59492
3rd match in series,1,1,1,0,0,1.000,333,13,510,25.61,3.91,,59492
overall,5,5,5,0,0,1.000,2156,75,2522,28.74,5.12,Profile,59547
Afghanistan,1,1,0,0,0,-,178,5,207,35.60,5.15,,59547
Hong Kong,1,0,1,0,0,0.000,142,10,212,14.20,4.01,,59547
Ireland,1,1,0,0,0,-,313,6,264,52.16,7.11,,59547
P.N.G.,2,1,1,0,0,1.000,400,20,546,20.00,4.39,,59547
U.A.E.,3,0,3,0,0,0.000,565,26,735,21.73,4.61,,59547
West Indies,2,2,0,0,0,-,558,8,558,69.75,6.00,,59547
,59547
neutral,5,5,5,0,0,1.000,2156,75,2522,28.74,5.12,,59547
,59547
2010s,5,5,5,0,0,1.000,2156,75,2522,28.74,5.12,,59547
,59547
won the toss,5,2,3,0,0,0.666,1025,44,1281,23.29,4.80,,59547
lost the toss,5,3,2,0,0,1.500,1131,31,1241,36.48,5.46,,59547
,59547
won toss & batted,4,2,2,0,0,1.000,934,34,1104,27.47,5.07,,59547
won toss & fielded,1,0,1,0,0,0.000,91,10,177,9.10,3.08,,59547
lost toss & sent in,1,1,0,0,0,-,313,6,264,52.16,7.11,,59547
lost toss & fielded,4,2,2,0,0,1.000,818,25,977,32.72,5.02,,59547
,59547
matches batting first,5,3,2,0,0,1.500,1247,40,1368,31.17,5.46,,59547
matches fielding first,5,2,3,0,0,0.666,909,35,1154,25.97,4.72,,59547
,59547
1st match innings,5,3,2,0,0,1.500,1247,40,1368,31.17,5.46,,59547
2nd match innings,5,2,3,0,0,0.666,909,35,1154,25.97,4.72,,59547
,59547
won match,5,5,0,0,0,-,1249,29,1319,43.06,5.68,,59547
lost match,5,0,5,0,0,0.000,907,46,1203,19.71,4.52,,59547
,59547
won batting first,3,3,0,0,0,-,870,20,854,43.50,6.11,,59547
won fielding first,2,2,0,0,0,-,379,9,465,42.11,4.89,,59547
lost batting first,2,0,2,0,0,0.000,377,20,514,18.85,4.40,,59547
lost fielding first,3,0,3,0,0,0.000,530,26,689,20.38,4.61,,59547
,59547
World Cup Qualifier,5,5,5,0,0,1.000,2156,75,2522,28.74,5.12,,59547
overall,1,1,1,0,0,1.000,454,10,564,45.40,4.82,Profile,59560
Kenya,1,0,1,0,0,0.000,181,6,264,30.16,4.11,,59560
Zimbabwe,1,1,0,0,0,-,273,4,300,68.25,5.46,,59560
,59560
home,1,1,0,0,0,-,273,4,300,68.25,5.46,,59560
away,1,0,1,0,0,0.000,181,6,264,30.16,4.11,,59560
,59560
2000s,1,1,1,0,0,1.000,454,10,564,45.40,4.82,,59560
,59560
won the toss,1,0,1,0,0,0.000,181,6,264,30.16,4.11,,59560
lost the toss,1,1,0,0,0,-,273,4,300,68.25,5.46,,59560
,59560
won toss & fielded,1,0,1,0,0,0.000,181,6,264,30.16,4.11,,59560
lost toss & sent in,1,1,0,0,0,-,273,4,300,68.25,5.46,,59560
,59560
matches batting first,1,1,0,0,0,-,273,4,300,68.25,5.46,,59560
matches fielding first,1,0,1,0,0,0.000,181,6,264,30.16,4.11,,59560
,59560
1st match innings,1,1,0,0,0,-,273,4,300,68.25,5.46,,59560
2nd match innings,1,0,1,0,0,0.000,181,6,264,30.16,4.11,,59560
,59560
won match,1,1,0,0,0,-,273,4,300,68.25,5.46,,59560
lost match,1,0,1,0,0,0.000,181,6,264,30.16,4.11,,59560
,59560
won batting first,1,1,0,0,0,-,273,4,300,68.25,5.46,,59560
lost fielding first,1,0,1,0,0,0.000,181,6,264,30.16,4.11,,59560
,59560
2nd match in series,1,1,1,0,0,1.000,454,10,564,45.40,4.82,,59560
overall,7,7,7,0,0,1.000,3196,114,4026,28.03,4.76,Profile,59590
Pakistan,4,1,3,0,0,0.333,899,35,1113,25.68,4.84,,59590
South Africa,5,2,3,0,0,0.666,1081,43,1461,25.13,4.43,,59590
Sri Lanka,5,4,1,0,0,4.000,1216,36,1452,33.77,5.02,,59590
,59590
neutral,7,7,7,0,0,1.000,3196,114,4026,28.03,4.76,,59590
,59590
2000s,7,7,7,0,0,1.000,3196,114,4026,28.03,4.76,,59590
,59590
won the toss,7,5,2,0,0,2.500,1694,55,2099,30.80,4.84,,59590
lost the toss,7,2,5,0,0,0.400,1502,59,1927,25.45,4.67,,59590
,59590
won toss & batted,6,5,1,0,0,5.000,1443,47,1799,30.70,4.81,,59590
won toss & fielded,1,0,1,0,0,0.000,251,8,300,31.37,5.02,,59590
lost toss & sent in,1,1,0,0,0,-,279,5,300,55.80,5.58,,59590
lost toss & fielded,6,1,5,0,0,0.200,1223,54,1627,22.64,4.51,,59590
,59590
matches batting first,7,6,1,0,0,6.000,1722,52,2099,33.11,4.92,,59590
matches fielding first,7,1,6,0,0,0.166,1474,62,1927,23.77,4.58,,59590
,59590
1st match innings,7,6,1,0,0,6.000,1722,52,2099,33.11,4.92,,59590
2nd match innings,7,1,6,0,0,0.166,1474,62,1927,23.77,4.58,,59590
,59590
won match,7,7,0,0,0,-,1723,50,2052,34.46,5.03,,59590
lost match,7,0,7,0,0,0.000,1473,64,1974,23.01,4.47,,59590
,59590
won batting first,6,6,0,0,0,-,1502,46,1799,32.65,5.00,,59590
won fielding first,1,1,0,0,0,-,221,4,253,55.25,5.24,,59590
lost batting first,1,0,1,0,0,0.000,220,6,300,36.66,4.40,,59590
lost fielding first,6,0,6,0,0,0.000,1253,58,1674,21.60,4.49,,59590
,59590
tournament finals,1,1,1,0,0,1.000,443,17,591,26.05,4.49,,59590
preliminary matches,6,6,6,0,0,1.000,2753,97,3435,28.38,4.80,,59590
overall,5,5,5,0,0,1.000,2195,72,2368,30.48,5.56,Profile,271573
Bermuda,2,0,2,0,0,0.000,408,18,537,22.66,4.55,,271573
Canada,2,1,1,0,0,1.000,404,14,387,28.85,6.26,,271573
Ireland,2,1,1,0,0,1.000,584,13,592,44.92,5.91,,271573
Kenya,2,2,0,0,0,-,387,9,409,43.00,5.67,,271573
Netherlands,1,0,1,0,0,0.000,205,10,221,20.50,5.56,,271573
Scotland,1,1,0,0,0,-,207,8,222,25.87,5.59,,271573
,271573
home,2,2,0,0,0,-,387,9,409,43.00,5.67,,271573
away,2,0,2,0,0,0.000,225,20,326,11.25,4.14,,271573
neutral,3,3,3,0,0,1.000,1583,43,1633,36.81,5.81,,271573
,271573
2000s,5,5,5,0,0,1.000,2195,72,2368,30.48,5.56,,271573
,271573
won the toss,5,4,1,0,0,4.000,1180,29,1220,40.68,5.80,,271573
lost the toss,5,1,4,0,0,0.250,1015,43,1148,23.60,5.30,,271573
,271573
won toss & batted,1,1,0,0,0,-,250,9,300,27.77,5.00,,271573
won toss & fielded,4,3,1,0,0,3.000,930,20,920,46.50,6.06,,271573
lost toss & sent in,4,1,3,0,0,0.333,923,33,1059,27.96,5.22,,271573
lost toss & fielded,1,0,1,0,0,0.000,92,10,89,9.20,6.20,,271573
,271573
matches batting first,5,2,3,0,0,0.666,1173,42,1359,27.92,5.17,,271573
matches fielding first,5,3,2,0,0,1.500,1022,30,1009,34.06,6.07,,271573
,271573
1st match innings,5,2,3,0,0,0.666,1173,42,1359,27.92,5.17,,271573
2nd match innings,5,3,2,0,0,1.500,1022,30,1009,34.06,6.07,,271573
,271573
won match,5,5,0,0,0,-,1182,27,1221,43.77,5.80,,271573
lost match,5,0,5,0,0,0.000,1013,45,1147,22.51,5.29,,271573
,271573
won batting first,2,2,0,0,0,-,457,17,522,26.88,5.25,,271573
won fielding first,3,3,0,0,0,-,725,10,699,72.50,6.22,,271573
lost batting first,3,0,3,0,0,0.000,716,25,837,28.64,5.13,,271573
lost fielding first,2,0,2,0,0,0.000,297,20,310,14.85,5.74,,271573
overall,2,2,2,0,0,1.000,930,33,1118,28.18,4.99,Profile,298311
Hong Kong,2,0,2,0,0,0.000,463,20,588,23.15,4.72,,298311
P.N.G.,2,2,0,0,0,-,467,13,530,35.92,5.28,,298311
,298311
neutral,2,2,2,0,0,1.000,930,33,1118,28.18,4.99,,298311
,298311
2010s,2,2,2,0,0,1.000,930,33,1118,28.18,4.99,,298311
,298311
won the toss,2,0,2,0,0,0.000,463,20,588,23.15,4.72,,298311
lost the toss,2,2,0,0,0,-,467,13,530,35.92,5.28,,298311
,298311
won toss & batted,2,0,2,0,0,0.000,463,20,588,23.15,4.72,,298311
lost toss & fielded,2,2,0,0,0,-,467,13,530,35.92,5.28,,298311
,298311
matches batting first,2,0,2,0,0,0.000,463,20,588,23.15,4.72,,298311
matches fielding first,2,2,0,0,0,-,467,13,530,35.92,5.28,,298311
,298311
1st match innings,2,0,2,0,0,0.000,463,20,588,23.15,4.72,,298311
2nd match innings,2,2,0,0,0,-,467,13,530,35.92,5.28,,298311
,298311
won match,2,2,0,0,0,-,467,13,530,35.92,5.28,,298311
lost match,2,0,2,0,0,0.000,463,20,588,23.15,4.72,,298311
,298311
won fielding first,2,2,0,0,0,-,467,13,530,35.92,5.28,,298311
lost batting first,2,0,2,0,0,0.000,463,20,588,23.15,4.72,,298311
,298311
1st match in series,1,1,1,0,0,1.000,405,16,525,25.31,4.62,,298311
2nd match in series,1,1,1,0,0,1.000,525,17,593,30.88,5.31,,298311
overall,1,1,1,0,0,1.000,434,14,556,31.00,4.68,Profile,304364
Afghanistan,1,1,0,0,0,-,218,4,259,54.50,5.05,,304364
Hong Kong,1,0,1,0,0,0.000,216,10,297,21.60,4.36,,304364
,304364
neutral,1,1,1,0,0,1.000,434,14,556,31.00,4.68,,304364
,304364
2010s,1,1,1,0,0,1.000,434,14,556,31.00,4.68,,304364
,304364
won the toss,1,1,0,0,0,-,218,4,259,54.50,5.05,,304364
lost the toss,1,0,1,0,0,0.000,216,10,297,21.60,4.36,,304364
,304364
won toss & fielded,1,1,0,0,0,-,218,4,259,54.50,5.05,,304364
lost toss & sent in,1,0,1,0,0,0.000,216,10,297,21.60,4.36,,304364
,304364
matches batting first,1,0,1,0,0,0.000,216,10,297,21.60,4.36,,304364
matches fielding first,1,1,0,0,0,-,218,4,259,54.50,5.05,,304364
,304364
1st match innings,1,0,1,0,0,0.000,216,10,297,21.60,4.36,,304364
2nd match innings,1,1,0,0,0,-,218,4,259,54.50,5.05,,304364
,304364
won match,1,1,0,0,0,-,218,4,259,54.50,5.05,,304364
lost match,1,0,1,0,0,0.000,216,10,297,21.60,4.36,,304364
,304364
won fielding first,1,1,0,0,0,-,218,4,259,54.50,5.05,,304364
lost batting first,1,0,1,0,0,0.000,216,10,297,21.60,4.36,,304364
overall,6,6,6,0,0,1.000,2275,88,3235,25.85,4.21,Profile,461400
Afghanistan,2,2,0,0,0,-,461,8,547,57.62,5.05,,461400
Canada,1,0,1,0,0,0.000,257,7,300,36.71,5.14,,461400
Ireland,1,1,0,0,0,-,120,5,206,24.00,3.49,,461400
Kenya,3,0,3,0,0,0.000,504,26,780,19.38,3.87,,461400
Netherlands,4,3,1,0,0,3.000,816,32,1118,25.50,4.37,,461400
Scotland,1,0,1,0,0,0.000,117,10,284,11.70,2.47,,461400
,461400
home,4,3,1,0,0,3.000,816,32,1118,25.50,4.37,,461400
away,4,1,3,0,0,0.333,707,30,1035,23.56,4.09,,461400
neutral,2,2,2,0,0,1.000,752,26,1082,28.92,4.17,,461400
,461400
2010s,6,6,6,0,0,1.000,2275,88,3235,25.85,4.21,,461400
,461400
won the toss,6,2,4,0,0,0.500,1084,42,1541,25.80,4.22,,461400
lost the toss,6,4,2,0,0,2.000,1191,46,1694,25.89,4.21,,461400
,461400
won toss & batted,3,0,3,0,0,0.000,649,23,900,28.21,4.32,,461400
won toss & fielded,3,2,1,0,0,2.000,435,19,641,22.89,4.07,,461400
lost toss & sent in,3,1,2,0,0,0.500,548,28,880,19.57,3.73,,461400
lost toss & fielded,3,3,0,0,0,-,643,18,814,35.72,4.73,,461400
,461400
matches batting first,6,1,5,0,0,0.200,1197,51,1780,23.47,4.03,,461400
matches fielding first,6,5,1,0,0,5.000,1078,37,1455,29.13,4.44,,461400
,461400
1st match innings,6,1,5,0,0,0.200,1197,51,1780,23.47,4.03,,461400
2nd match innings,6,5,1,0,0,5.000,1078,37,1455,29.13,4.44,,461400
,461400
won match,6,6,0,0,0,-,1195,37,1571,32.29,4.56,,461400
lost match,6,0,6,0,0,0.000,1080,51,1664,21.17,3.89,,461400
,461400
won batting first,1,1,0,0,0,-,229,10,296,22.90,4.64,,461400
won fielding first,5,5,0,0,0,-,966,27,1275,35.77,4.54,,461400
lost batting first,5,0,5,0,0,0.000,968,41,1484,23.60,3.91,,461400
lost fielding first,1,0,1,0,0,0.000,112,10,180,11.20,3.73,,461400
,461400
WCL Championship,2,2,2,0,0,1.000,777,30,1122,25.90,4.15,,461400
overall,1,1,1,0,0,1.000,329,15,460,21.93,4.29,Profile,475201
P.N.G.,1,1,0,0,0,-,165,5,198,33.00,5.00,,475201
U.S.A.,1,0,1,0,0,0.000,164,10,262,16.40,3.75,,475201
,475201
neutral,1,1,1,0,0,1.000,329,15,460,21.93,4.29,,475201
,475201
2010s,1,1,1,0,0,1.000,329,15,460,21.93,4.29,,475201
,475201
won the toss,1,1,0,0,0,-,165,5,198,33.00,5.00,,475201
lost the toss,1,0,1,0,0,0.000,164,10,262,16.40,3.75,,475201
,475201
won toss & fielded,1,1,0,0,0,-,165,5,198,33.00,5.00,,475201
lost toss & sent in,1,0,1,0,0,0.000,164,10,262,16.40,3.75,,475201
,475201
matches batting first,1,0,1,0,0,0.000,164,10,262,16.40,3.75,,475201
matches fielding first,1,1,0,0,0,-,165,5,198,33.00,5.00,,475201
,475201
1st match innings,1,0,1,0,0,0.000,164,10,262,16.40,3.75,,475201
2nd match innings,1,1,0,0,0,-,165,5,198,33.00,5.00,,475201
,475201
won match,1,1,0,0,0,-,165,5,198,33.00,5.00,,475201
lost match,1,0,1,0,0,0.000,164,10,262,16.40,3.75,,475201
,475201
won fielding first,1,1,0,0,0,-,165,5,198,33.00,5.00,,475201
lost batting first,1,0,1,0,0,0.000,164,10,262,16.40,3.75,,475201
overall,4,4,4,0,0,1.000,1654,70,2123,23.62,4.67,Profile,493864
Hong Kong,4,3,1,0,0,3.000,896,33,1083,27.15,4.96,,493864
P.N.G.,3,1,2,0,0,0.500,608,27,805,22.51,4.53,,493864
Scotland,1,0,1,0,0,0.000,150,10,235,15.00,3.82,,493864
,493864
home,4,3,1,0,0,3.000,896,33,1083,27.15,4.96,,493864
away,4,1,3,0,0,0.333,758,37,1040,20.48,4.37,,493864
,493864
2010s,4,4,4,0,0,1.000,1654,70,2123,23.62,4.67,,493864
,493864
won the toss,4,2,2,0,0,1.000,864,37,1108,23.35,4.67,,493864
lost the toss,4,2,2,0,0,1.000,790,33,1015,23.93,4.66,,493864
,493864
won toss & batted,3,2,1,0,0,2.000,714,27,873,26.44,4.90,,493864
won toss & fielded,1,0,1,0,0,0.000,150,10,235,15.00,3.82,,493864
lost toss & sent in,1,1,0,0,0,-,259,10,295,25.90,5.26,,493864
lost toss & fielded,3,1,2,0,0,0.500,531,23,720,23.08,4.42,,493864
,493864
matches batting first,4,3,1,0,0,3.000,973,37,1168,26.29,4.99,,493864
matches fielding first,4,1,3,0,0,0.333,681,33,955,20.63,4.27,,493864
,493864
1st match innings,4,3,1,0,0,3.000,973,37,1168,26.29,4.99,,493864
2nd match innings,4,1,3,0,0,0.333,681,33,955,20.63,4.27,,493864
,493864
won match,4,4,0,0,0,-,910,33,1069,27.57,5.10,,493864
lost match,4,0,4,0,0,0.000,744,37,1054,20.10,4.23,,493864
,493864
won batting first,3,3,0,0,0,-,729,30,868,24.30,5.03,,493864
won fielding first,1,1,0,0,0,-,181,3,201,60.33,5.40,,493864
lost batting first,1,0,1,0,0,0.000,244,7,300,34.85,4.88,,493864
lost fielding first,3,0,3,0,0,0.000,500,30,754,16.66,3.97,,493864
,493864
2 team series,3,3,3,0,0,1.000,1245,50,1593,24.90,4.68,,493864
5+ team tournaments,1,1,1,0,0,1.000,409,20,530,20.45,4.63,,493864
,493864
1st match in series,1,1,1,0,0,1.000,432,20,528,21.60,4.90,,493864
2nd match in series,1,1,1,0,0,1.000,388,20,564,19.40,4.12,,493864
3rd match in series,1,1,1,0,0,1.000,425,10,501,42.50,5.08,,493864
,493864
WCL Championship,1,1,1,0,0,1.000,409,20,530,20.45,4.63,,493864
overall,2,2,2,0,0,1.000,862,34,1145,25.35,4.51,Profile,518990
P.N.G.,2,1,1,0,0,1.000,381,15,549,25.40,4.16,,518990
Scotland,2,1,1,0,0,1.000,481,19,596,25.31,4.84,,518990
,518990
home,2,1,1,0,0,1.000,381,15,549,25.40,4.16,,518990
away,2,1,1,0,0,1.000,481,19,596,25.31,4.84,,518990
,518990
2010s,2,2,2,0,0,1.000,862,34,1145,25.35,4.51,,518990
,518990
won the toss,2,1,1,0,0,1.000,481,19,596,25.31,4.84,,518990
lost the toss,2,1,1,0,0,1.000,381,15,549,25.40,4.16,,518990
,518990
won toss & batted,2,1,1,0,0,1.000,481,19,596,25.31,4.84,,518990
lost toss & fielded,2,1,1,0,0,1.000,381,15,549,25.40,4.16,,518990
,518990
matches batting first,2,1,1,0,0,1.000,481,19,596,25.31,4.84,,518990
matches fielding first,2,1,1,0,0,1.000,381,15,549,25.40,4.16,,518990
,518990
1st match innings,2,1,1,0,0,1.000,481,19,596,25.31,4.84,,518990
2nd match innings,2,1,1,0,0,1.000,381,15,549,25.40,4.16,,518990
,518990
won match,2,2,0,0,0,-,482,14,588,34.42,4.91,,518990
lost match,2,0,2,0,0,0.000,380,20,557,19.00,4.09,,518990
,518990
won batting first,1,1,0,0,0,-,278,9,300,30.88,5.56,,518990
won fielding first,1,1,0,0,0,-,204,5,288,40.80,4.25,,518990
lost batting first,1,0,1,0,0,0.000,203,10,296,20.30,4.11,,518990
lost fielding first,1,0,1,0,0,0.000,177,10,261,17.70,4.06,,518990
,518990
WCL Championship,2,2,2,0,0,1.000,862,34,1145,25.35,4.51,,518990
overall,1,1,1,0,0,1.000,648,10,553,64.80,7.03,Profile,680295
India,1,1,0,0,0,-,326,2,253,163.00,7.73,,680295
West Indies,1,0,1,0,0,0.000,322,8,300,40.25,6.44,,680295
,680295
home,1,1,0,0,0,-,326,2,253,163.00,7.73,,680295
away,1,0,1,0,0,0.000,322,8,300,40.25,6.44,,680295
,680295
2010s,1,1,1,0,0,1.000,648,10,553,64.80,7.03,,680295
,680295
won the toss,1,1,0,0,0,-,326,2,253,163.00,7.73,,680295
lost the toss,1,0,1,0,0,0.000,322,8,300,40.25,6.44,,680295
,680295
won toss & fielded,1,1,0,0,0,-,326,2,253,163.00,7.73,,680295
lost toss & sent in,1,0,1,0,0,0.000,322,8,300,40.25,6.44,,680295
,680295
matches batting first,1,0,1,0,0,0.000,322,8,300,40.25,6.44,,680295
matches fielding first,1,1,0,0,0,-,326,2,253,163.00,7.73,,680295
,680295
1st match innings,1,0,1,0,0,0.000,322,8,300,40.25,6.44,,680295
2nd match innings,1,1,0,0,0,-,326,2,253,163.00,7.73,,680295
,680295
won match,1,1,0,0,0,-,326,2,253,163.00,7.73,,680295
lost match,1,0,1,0,0,0.000,322,8,300,40.25,6.44,,680295
,680295
won fielding first,1,1,0,0,0,-,326,2,253,163.00,7.73,,680295
lost batting first,1,0,1,0,0,0.000,322,8,300,40.25,6.44,,680295
,680295
1st match in series,1,1,1,0,0,1.000,648,10,553,64.80,7.03,,680295
overall,5,5,5,0,0,1.000,2629,79,2918,33.27,5.40,Profile,942501
Afghanistan,5,3,2,0,0,1.500,1345,38,1491,35.39,5.41,,942501
Ireland,5,2,3,0,0,0.666,1284,41,1427,31.31,5.39,,942501
,942501
neutral,5,5,5,0,0,1.000,2629,79,2918,33.27,5.40,,942501
,942501
2010s,5,5,5,0,0,1.000,2629,79,2918,33.27,5.40,,942501
,942501
won the toss,5,2,3,0,0,0.666,1343,45,1488,29.84,5.41,,942501
lost the toss,5,3,2,0,0,1.500,1286,34,1430,37.82,5.39,,942501
,942501
won toss & batted,5,2,3,0,0,0.666,1343,45,1488,29.84,5.41,,942501
lost toss & fielded,5,3,2,0,0,1.500,1286,34,1430,37.82,5.39,,942501
,942501
matches batting first,5,2,3,0,0,0.666,1343,45,1488,29.84,5.41,,942501
matches fielding first,5,3,2,0,0,1.500,1286,34,1430,37.82,5.39,,942501
,942501
1st match innings,5,2,3,0,0,0.666,1343,45,1488,29.84,5.41,,942501
2nd match innings,5,3,2,0,0,1.500,1286,34,1430,37.82,5.39,,942501
,942501
won match,5,5,0,0,0,-,1350,31,1464,43.54,5.53,,942501
lost match,5,0,5,0,0,0.000,1279,48,1454,26.64,5.27,,942501
,942501
won batting first,2,2,0,0,0,-,630,17,600,37.05,6.30,,942501
won fielding first,3,3,0,0,0,-,720,14,864,51.42,5.00,,942501
lost batting first,3,0,3,0,0,0.000,713,28,888,25.46,4.81,,942501
lost fielding first,2,0,2,0,0,0.000,566,20,566,28.30,6.00,,942501
,942501
1st match in series,1,1,1,0,0,1.000,554,17,581,32.58,5.72,,942501
2nd match in series,1,1,1,0,0,1.000,642,20,585,32.10,6.58,,942501
3rd match in series,1,1,1,0,0,1.000,529,12,591,44.08,5.37,,942501
4th match in series,1,1,1,0,0,1.000,444,17,580,26.11,4.59,,942501
5th match in series,1,1,1,0,0,1.000,460,13,581,35.38,4.75,,942501
overall,1,1,1,0,0,1.000,209,11,280,19.00,4.47,Profile,1120086
India,1,1,0,0,0,-,105,1,89,105.00,7.07,,1120086
West Indies,1,0,1,0,0,0.000,104,10,191,10.40,3.26,,1120086
,1120086
home,1,1,0,0,0,-,105,1,89,105.00,7.07,,1120086
away,1,0,1,0,0,0.000,104,10,191,10.40,3.26,,1120086
,1120086
2010s,1,1,1,0,0,1.000,209,11,280,19.00,4.47,,1120086
,1120086
won the toss,1,0,1,0,0,0.000,104,10,191,10.40,3.26,,1120086
lost the toss,1,1,0,0,0,-,105,1,89,105.00,7.07,,1120086
,1120086
won toss & batted,1,0,1,0,0,0.000,104,10,191,10.40,3.26,,1120086
lost toss & fielded,1,1,0,0,0,-,105,1,89,105.00,7.07,,1120086
,1120086
matches batting first,1,0,1,0,0,0.000,104,10,191,10.40,3.26,,1120086
matches fielding first,1,1,0,0,0,-,105,1,89,105.00,7.07,,1120086
,1120086
1st match innings,1,0,1,0,0,0.000,104,10,191,10.40,3.26,,1120086
2nd match innings,1,1,0,0,0,-,105,1,89,105.00,7.07,,1120086
,1120086
won match,1,1,0,0,0,-,105,1,89,105.00,7.07,,1120086
lost match,1,0,1,0,0,0.000,104,10,191,10.40,3.26,,1120086
,1120086
won fielding first,1,1,0,0,0,-,105,1,89,105.00,7.07,,1120086
lost batting first,1,0,1,0,0,0.000,104,10,191,10.40,3.26,,1120086
,1120086
5th match in series,1,1,1,0,0,1.000,209,11,280,19.00,4.47,,1120086
overall,2,2,2,0,0,1.000,811,34,981,23.85,4.96,Profile,1126475
Australia,2,0,2,0,0,0.000,399,20,519,19.95,4.61,,1126475
England,1,1,0,0,0,-,259,10,286,25.90,5.43,,1126475
South Africa,1,1,0,0,0,-,153,4,176,38.25,5.21,,1126475
,1126475
home,2,0,2,0,0,0.000,399,20,519,19.95,4.61,,1126475
away,2,2,0,0,0,-,412,14,462,29.42,5.35,,1126475
,1126475
2010s,2,2,2,0,0,1.000,811,34,981,23.85,4.96,,1126475
,1126475
won the toss,2,1,1,0,0,1.000,400,14,466,28.57,5.15,,1126475
lost the toss,2,1,1,0,0,1.000,411,20,515,20.55,4.78,,1126475
,1126475
won toss & fielded,2,1,1,0,0,1.000,400,14,466,28.57,5.15,,1126475
lost toss & sent in,2,1,1,0,0,1.000,411,20,515,20.55,4.78,,1126475
,1126475
matches batting first,2,1,1,0,0,1.000,411,20,515,20.55,4.78,,1126475
matches fielding first,2,1,1,0,0,1.000,400,14,466,28.57,5.15,,1126475
,1126475
1st match innings,2,1,1,0,0,1.000,411,20,515,20.55,4.78,,1126475
2nd match innings,2,1,1,0,0,1.000,400,14,466,28.57,5.15,,1126475
,1126475
won match,2,2,0,0,0,-,412,14,462,29.42,5.35,,1126475
lost match,2,0,2,0,0,0.000,399,20,519,19.95,4.61,,1126475
,1126475
won batting first,1,1,0,0,0,-,259,10,286,25.90,5.43,,1126475
won fielding first,1,1,0,0,0,-,153,4,176,38.25,5.21,,1126475
lost batting first,1,0,1,0,0,0.000,152,10,229,15.20,3.98,,1126475
lost fielding first,1,0,1,0,0,0.000,247,10,290,24.70,5.11,,1126475
,1126475
1st match in series,1,1,1,0,0,1.000,305,14,405,21.78,4.51,,1126475
5th match in series,1,1,1,0,0,1.000,506,20,576,25.30,5.27,,1126475
overall,5,4,4,0,1,1.000,1864,67,2524,27.82,4.43,Profile,1145946
Afghanistan,5,2,2,0,1,1.000,1110,36,1437,30.83,4.63,,1145946
Ireland,5,2,2,0,1,1.000,754,31,1087,24.32,4.16,,1145946
,1145946
neutral,5,4,4,0,1,1.000,1864,67,2524,27.82,4.43,,1145946
,1145946
2010s,5,4,4,0,1,1.000,1864,67,2524,27.82,4.43,,1145946
,1145946
won the toss,5,1,3,0,1,0.333,1000,40,1384,25.00,4.33,,1145946
lost the toss,5,3,1,0,1,3.000,864,27,1140,32.00,4.54,,1145946
,1145946
won toss & batted,3,0,2,0,1,0.000,667,25,887,26.68,4.51,,1145946
won toss & fielded,2,1,1,0,0,1.000,333,15,497,22.20,4.02,,1145946
lost toss & sent in,2,1,1,0,0,1.000,439,16,595,27.43,4.42,,1145946
lost toss & fielded,3,2,0,0,1,-,425,11,545,38.63,4.67,,1145946
,1145946
matches batting first,5,1,3,0,1,0.333,1106,41,1482,26.97,4.47,,1145946
matches fielding first,5,3,1,0,1,3.000,758,26,1042,29.15,4.36,,1145946
,1145946
1st match innings,5,1,3,0,1,0.333,1106,41,1482,26.97,4.47,,1145946
2nd match innings,4,3,1,0,0,3.000,758,26,1042,29.15,4.36,,1145946
,1145946
won match,4,4,0,0,0,-,867,26,1124,33.34,4.62,,1145946
lost match,4,0,4,0,0,0.000,747,34,1109,21.97,4.04,,1145946
no result,1,0,0,0,1,0.000,250,7,291,35.71,5.15,,1145946
,1145946
won batting first,1,1,0,0,0,-,223,10,295,22.30,4.53,,1145946
won fielding first,3,3,0,0,0,-,644,16,829,40.25,4.66,,1145946
lost batting first,3,0,3,0,0,0.000,633,24,896,26.37,4.23,,1145946
lost fielding first,1,0,1,0,0,0.000,114,10,213,11.40,3.21,,1145946
no result batting first,1,0,0,0,1,0.000,250,7,291,35.71,5.15,,1145946
no result fielding first,1,0,0,0,1,0.000,0,0,0,-,-,,1145946
,1145946
1st match in series,1,1,1,0,0,1.000,326,15,547,21.73,3.57,,1145946
2nd match in series,1,0,0,0,1,0.000,250,7,291,35.71,5.15,,1145946
3rd match in series,1,1,1,0,0,1.000,516,14,594,36.85,5.21,,1145946
4th match in series,1,1,1,0,0,1.000,337,20,508,16.85,3.98,,1145946
5th match in series,1,1,1,0,0,1.000,435,11,584,39.54,4.46,,1145946
